type,design,listing_id,url
poster,Layered Hills,4531654012,https://www.etsy.com/listing/4531654012
poster,Rising Sun,4531644671,https://www.etsy.com/listing/4531644671
poster,Tonal Horizon,4531654536,https://www.etsy.com/listing/4531654536
poster,Mountain,4531668124,https://www.etsy.com/listing/4531668124
poster,Moon Phases,4531674028,https://www.etsy.com/listing/4531674028
poster,Sun and Moon,4532165682,https://www.etsy.com/listing/4532165682
poster,Arch,4531660859,https://www.etsy.com/listing/4531660859
poster,Balance,4531662908,https://www.etsy.com/listing/4531662908
poster,Vessel,4531661987,https://www.etsy.com/listing/4531661987
poster,Ink Horizon,4531643673,https://www.etsy.com/listing/4531643673
poster,Single Stem,4531676170,https://www.etsy.com/listing/4531676170
poster,Pampas,4531675906,https://www.etsy.com/listing/4531675906
canvas,Layered Hills,4532238248,https://www.etsy.com/listing/4532238248
canvas,Rising Sun,4532253510,https://www.etsy.com/listing/4532253510
canvas,Tonal Horizon,4532253734,https://www.etsy.com/listing/4532253734
canvas,Mountain,4532252384,https://www.etsy.com/listing/4532252384
canvas,Moon Phases,4532252802,https://www.etsy.com/listing/4532252802
canvas,Sun and Moon,4532241205,https://www.etsy.com/listing/4532241205
canvas,Arch,4532241141,https://www.etsy.com/listing/4532241141
canvas,Balance,4532252842,https://www.etsy.com/listing/4532252842
canvas,Vessel,4532241071,https://www.etsy.com/listing/4532241071
canvas,Ink Horizon,4532239869,https://www.etsy.com/listing/4532239869
canvas,Single Stem,4532240897,https://www.etsy.com/listing/4532240897
canvas,Pampas,4532242041,https://www.etsy.com/listing/4532242041
framed,Layered Hills,4532246830,https://www.etsy.com/listing/4532246830
framed,Rising Sun,4532249255,https://www.etsy.com/listing/4532249255
framed,Tonal Horizon,4532247979,https://www.etsy.com/listing/4532247979
framed,Mountain,4532262046,https://www.etsy.com/listing/4532262046
framed,Moon Phases,4532248551,https://www.etsy.com/listing/4532248551
framed,Sun and Moon,4532247339,https://www.etsy.com/listing/4532247339
framed,Arch,4532259814,https://www.etsy.com/listing/4532259814
framed,Balance,4532249119,https://www.etsy.com/listing/4532249119
framed,Vessel,4532261194,https://www.etsy.com/listing/4532261194
framed,Ink Horizon,4532259756,https://www.etsy.com/listing/4532259756
framed,Single Stem,4532248429,https://www.etsy.com/listing/4532248429
framed,Pampas,4532261908,https://www.etsy.com/listing/4532261908
mug,Seigaiha,4532093853,https://www.etsy.com/listing/4532093853
mug,Sun Arch,4532098709,https://www.etsy.com/listing/4532098709
mug,Ensō,4532110660,https://www.etsy.com/listing/4532110660
mug,Mudcloth,4532110720,https://www.etsy.com/listing/4532110720
tote,Seigaiha,4532115528,https://www.etsy.com/listing/4532115528
tote,Ensō,4532107905,https://www.etsy.com/listing/4532107905
tote,Ink Brush,4532120144,https://www.etsy.com/listing/4532120144
tote,Mudcloth,4532120614,https://www.etsy.com/listing/4532120614
digital,Layered Hills,4533284058,https://www.etsy.com/listing/4533284058
digital,Rising Sun,4533287232,https://www.etsy.com/listing/4533287232
digital,Tonal Horizon,4533274503,https://www.etsy.com/listing/4533274503
digital,Mountain,4533275069,https://www.etsy.com/listing/4533275069
digital,Moon Phases,4533275691,https://www.etsy.com/listing/4533275691
digital,Sun and Moon,4533276279,https://www.etsy.com/listing/4533276279
digital,Arch,4533290390,https://www.etsy.com/listing/4533290390
digital,Balance,4533290938,https://www.etsy.com/listing/4533290938
digital,Vessel,4533277953,https://www.etsy.com/listing/4533277953
digital,Ink Horizon,4533278497,https://www.etsy.com/listing/4533278497
digital,Single Stem,4533292622,https://www.etsy.com/listing/4533292622
digital,Pampas,4533279861,https://www.etsy.com/listing/4533279861
